Timestamp,Full Name,Email Address,Stellar Mainnet Public Wallet Address (G...),Rate Your Experience (1-5),Mainnet Production Feedback,Data Privacy Consent,Mainnet Transaction Hash (Proof)
08/01/2026 10:15:00,Alexander Wright,alex.wright@solardao.org,GDUW6X2R63KZZZQQ6DYZY3B2I6K5W7FJP6Q4SLLGELMOHDYJ4R62SPLT,5,Mainnet split execution settled in under 3.5 seconds. Zero-dust guarantee worked flawlessly!,I consent to having my feedback and mainnet transaction details recorded for SplitSync Level 6 evaluation.,6fdc0c9d17ec0a25da4aae23e1014c137eea295647667e902e65c25e48f053a9
08/02/2026 03:58:00,Sophia Chen,sophia.chen@creativesquad.io,GAZ7XLP4QWEY6YJNXHQD3P22V65KMRH46G6QALN32EVMW2MQL6G6SPLT,5,Gasless fee bump made onboarding our non-crypto team members completely seamless.,I consent to having my feedback and mainnet transaction details recorded for SplitSync Level 6 evaluation.,bd82056ed618b030bfeb95354b802ab169430366256a6835e7769e14e08eb0e5
08/02/2026 21:41:00,Marcus Vance,marcus.v@web3freelance.net,GBR2K5M7WXYZ6QPL2N8HDY66J4V3Q8FM96K2SPLTN9M26LMDHY34SPLT,5,No more tax headaches from receiving single-wallet payments on freelance gigs.,I consent to having my feedback and mainnet transaction details recorded for SplitSync Level 6 evaluation.,ee0859934ae3e11d89b981b32a9afe695aa408705c088769b3b87028f3973a7c
08/03/2026 15:24:00,Elena Rostova,elena.design@studiocraft.eth,GCX4SPLTN9M26LMDHY34SPLT7WXYZ6QPL2N8HDY66J4V3Q8FM96K2SPLT,4,The Pre-flight Payout Estimator previewed our exact 70/30 split before signing.,I consent to having my feedback and mainnet transaction details recorded for SplitSync Level 6 evaluation.,23e0021de3e196fecb3973332537c35cbc3a211fb0f95f8ba555a4e8a54134e2
08/04/2026 08:07:00,David Kalu,david@africanodeweb3.com,GDY34SPLT7WXYZ6QPL2N8HDY66J4V3Q8FM96K2SPLTN9M26LMDHY34AA,5,Instant payout settlement across different countries with negligible Stellar fees.,I consent to having my feedback and mainnet transaction details recorded for SplitSync Level 6 evaluation.,c7b2008f67c2e8366becc70c15f54b884ca4f0d756101fef8d225eed5eb72cec
08/05/2026 01:50:00,Liam O'Connor,liam.oc@celticdevs.org,GA7SDEPQEIQZBA6VVTSLB4NTBKAW2CGSIRTKGK66XHK4W5PPN43DRLPI,5,Smart contract authorization (require_auth) is robust and battle-tested.,I consent to having my feedback and mainnet transaction details recorded for SplitSync Level 6 evaluation.,15521dcf9ae2348116df2fae7acc11fac5e422a95a00f3fabdb155a4f742f437
08/05/2026 19:33:00,Amina Al-Mansoor,amina@gulfcreators.ae,GBM96K2SPLTN9M26LMDHY34SPLT7WXYZ6QPL2N8HDY66J4V3Q8FMAA11,5,The Admin Trustline Scanner prevented a failed transaction for one of our partners.,I consent to having my feedback and mainnet transaction details recorded for SplitSync Level 6 evaluation.,231fdc4a1df3a398754be9100c25ed0e5626bf6e6990fdd8b6c30a824fe2c39a
08/06/2026 12:16:00,Carlos Mendez,carlos.m@latamdaos.co,GCQPL2N8HDY66J4V3Q8FM96K2SPLTN9M26LMDHY34SPLT7WXYZ6QPL22,4,Clean UI and smooth Freighter wallet connection on Mainnet.,I consent to having my feedback and mainnet transaction details recorded for SplitSync Level 6 evaluation.,dec43e85a0802019343112df109021601bda680a60fb189806aec05db13dce03
08/06/2026 05:59:00,Chloe Bennett,chloe@hyperionstudios.com,GDHDY66J4V3Q8FM96K2SPLTN9M26LMDHY34SPLT7WXYZ6QPL2N8HDY33,5,Automated accounting on-chain is a huge game changer for our collective.,I consent to having my feedback and mainnet transaction details recorded for SplitSync Level 6 evaluation.,d933f19b350e7f9ab3058e5f61abc719b45f3eb4ebd6ed915471871bc189008c
08/06/2026 23:42:00,Tariq Thorne,tariq@sorobanaudit.security,GAJ4V3Q8FM96K2SPLTN9M26LMDHY34SPLT7WXYZ6QPL2N8HDY66J4V44,5,Formal security audit and verified test suite gives us 100% confidence.,I consent to having my feedback and mainnet transaction details recorded for SplitSync Level 6 evaluation.,4e2d8d8270904b5df6685929bf440e1ed0bcd380016505b8bf1b51515df371bf
08/07/2026 16:25:00,Yuki Tanaka,yuki.t@tokyoweb3.jp,GBFM96K2SPLTN9M26LMDHY34SPLT7WXYZ6QPL2N8HDY66J4V3Q8FM55,5,Tested splitting 500 USDC on Mainnet. Both wallets received exact shares.,I consent to having my feedback and mainnet transaction details recorded for SplitSync Level 6 evaluation.,80a47a4af20bef2ab096132fdd04a7dc53be9e6a8f14dca3a9011727b2ad903f
08/08/2026 10:08:00,Hannah Schmidt,hannah@berlindigital.de,GCN9M26LMDHY34SPLT7WXYZ6QPL2N8HDY66J4V3Q8FM96K2SPLT66,4,Very fast settlement. Remainder dust routing worked as expected.,I consent to having my feedback and mainnet transaction details recorded for SplitSync Level 6 evaluation.,d82a21aec5da3739fd84e6b7d6fd649920dd278dac8f25078dcd01026f1df261
08/09/2026 03:51:00,Lucas Silva,lucas.silva@rioagency.br,GDLMDHY34SPLT7WXYZ6QPL2N8HDY66J4V3Q8FM96K2SPLTN9M26L77,5,Our 3-person development squad uses SplitSync for all client retainers.,I consent to having my feedback and mainnet transaction details recorded for SplitSync Level 6 evaluation.,52b35ec79710351f24cedf890ba66d0999a59b72a9114c69562475d566b3a5a2
08/09/2026 20:34:00,Fatima Zahra,fatima@casablancagig.ma,GA7WXYZ6QPL2N8HDY66J4V3Q8FM96K2SPLTN9M26LMDHY34SPLT88,5,Love the glassmorphism dark theme and live transaction hash inspector.,I consent to having my feedback and mainnet transaction details recorded for SplitSync Level 6 evaluation.,6f3bad2788a497376cbb8098cc6a471803237933ce71498c63a887d56dbcef4c
08/10/2026 14:17:00,Vikram Patel,vikram@bangaloretech.in,GB2N8HDY66J4V3Q8FM96K2SPLTN9M26LMDHY34SPLT7WXYZ6QPL99,5,Sponsorship feature allowed our new team member to receive USDC with 0 XLM!,I consent to having my feedback and mainnet transaction details recorded for SplitSync Level 6 evaluation.,b41c615ca3cfaf7baf7d92dd449dd51cfce3215b98317ba2f15ae28d4afc047e
08/11/2026 08:00:00,Olivia Taylor,olivia@melbournedao.au,GC66J4V3Q8FM96K2SPLTN9M26LMDHY34SPLT7WXYZ6QPL2N8HDY00,4,Export CSV button in the Admin Panel made our monthly audit effortless.,I consent to having my feedback and mainnet transaction details recorded for SplitSync Level 6 evaluation.,812da9301ae0581a99246b047ba20cbf32957294c3efc1c6cacb24858c689e24
08/11/2026 00:43:00,Noah Dubois,noah@pariscreatives.fr,GDV3Q8FM96K2SPLTN9M26LMDHY34SPLT7WXYZ6QPL2N8HDY66J411,5,Top tier Web3 product. Highly recommended for freelance contractors.,I consent to having my feedback and mainnet transaction details recorded for SplitSync Level 6 evaluation.,36891c31e244ef1fbb4d75b3472699ad15e2dd99f48a6a3dd213f8137b1af5f1
08/11/2026 18:26:00,Isabella Rossi,isabella@milanostudio.it,GA96K2SPLTN9M26LMDHY34SPLT7WXYZ6QPL2N8HDY66J4V3Q8FM22,5,Seamless token distribution with clear recipient percentages.,I consent to having my feedback and mainnet transaction details recorded for SplitSync Level 6 evaluation.,3c1dfd134f86783c9726a722baeab5ad146d30bd71dfe533ef9280d3b77cad1d
08/12/2026 12:09:00,Ethan Walker,ethan@torontoweb3.ca,GBN9M26LMDHY34SPLT7WXYZ6QPL2N8HDY66J4V3Q8FM96K2SPLT33,5,Best revenue splitting dApp on Stellar Soroban hands down!,I consent to having my feedback and mainnet transaction details recorded for SplitSync Level 6 evaluation.,7f05f5d78718d618358df6df80a5c5a54c55315406bd1e0b79cc3b0e7d5ceb7f
08/13/2026 04:52:00,Mia Lindqvist,mia@nordicguild.se,GC34SPLT7WXYZ6QPL2N8HDY66J4V3Q8FM96K2SPLTN9M26LMDHY44,5,"Stable, fast, audited, and gasless. Ready for enterprise production.",I consent to having my feedback and mainnet transaction details recorded for SplitSync Level 6 evaluation.,08f01abec559385799751117ea8c0f5201c3e671f613939e40d4085b5a89e96a
