Full Name,Email,Stellar Testnet Address,Transaction Hash (Proof),Rating,Feedback
"Quinn White","quinn.white28@example.com","GCXQKUAQB7ZFM2VCGEQYOBN5HNHOIZLJKSAXDZICN7OGRAEDKXGNNFTT","1205235b334b9ea5528718714cdc53bc3e2397f82c320375164bbd018a2affb2",4,"SplitSync is extremely fast, payouts are instant!"
"Leo Garcia","leo.garcia27@example.com","GAXYRHJ2XSJOBP3MDKCX2COGXXF7EAMOOOFBLP2ZRWSSF5RDFMH2PUZH","95541a2c23d1ebfdb5d2de8f14579ddd29b98f639d8e8f4f448a5755c481025a",4,"Transaction settled in under 4 seconds, amazing performance."
"Peter Moore","peter.moore49@example.com","GBDKDZK56EFQD6T237NLKZ6CPJEEJKFRZU5NFIWI7L3ENGCFVG74Z4M6","03f2f505c21f50326ea4a4111d65c4987f6f39320d018ab446c9bd6c95e87c3c",4,"SplitSync is extremely fast, payouts are instant!"
"Nathan Rodriguez","nathan.rodriguez11@example.com","GBMVTZNIRFS5PPMRAYPC2QVUGGJHNGTYB4SZMGIZPICKWXSED3PJX7SL","35c3be6cda137f732224d669a0352f7f4505f8a78aca212593557e35e45fe2d4",5,"Loved the zero-dust routing mechanism on testnet."
"Leo Harris","leo.harris35@example.com","GBSVV4KVBIMF7FMSK2AJWYL2L4TKMKEVI32BRCYUXFXSEJVCF5TADUWD","c8927acebd81f70f4664d532827942c87da3546b54f38783fc6fb304987dd4a6",4,"Great job on handling trustline errors gracefully."
"David Martin","david.martin54@example.com","GCRE3IFWAV7ZKWY7PNIRLM4HBVKPZD2GLIPRJRWQ6VQFNE3ONPT4BU5E","34d3f989a497f5a8ddf3a9cbc062dfd7b9b8042316939880157124ccf5c6d248",5,"Great job on handling trustline errors gracefully."
"Frank Garcia","frank.garcia16@example.com","GBVHJ4MFXOHXZW3I3GO6CEMOBBU6YQGCYXX6AMRSIBEIH7FOO4LLR5JJ","3c8e91c59dd5253454f30943f2c73c7fe1190563f0a1ac0317849d0f69e34c7f",5,"Simple, trustless, and highly functional. 5 stars!"
"Frank Taylor","frank.taylor26@example.com","GAUBLBRJPNVWMOMDSY6ZVSO7UIP3BMRK7ZCBT3ANGC3NG5S3C326IGFX","c592c84c6dc550df8e1bc9f5283215c683a1051769bf95841085be14ecbebdd7",5,"Pre-flight estimator was super helpful to preview splits."
"Grace Jones","grace.jones88@example.com","GA2PZPIKJJM4H2DZYFRQNJYKSYYNHIAB4SRGCH2FCKCEFRP4JWOUDMAL","ee96b820e280f6c8398d5288e77cbc769bfdd664efa65d00c67b8e0783443abb",4,"Very intuitive UI, connecting Freighter was seamless."
"Sam Martin","sam.martin47@example.com","GCCJTMQPJ6MFFMVYAKFJRDITYKN3GH7H3EHOJKJ4KZY3DY7U65UTNYPI","e5c2360541ee16ba52eb6bf580aa10b26500903a57443188cb9277ce287fd817",5,"Simple, trustless, and highly functional. 5 stars!"
"Bob Perez","bob.perez91@example.com","GDIIU2XSZFOGDRKBD2IHXJ7KHXNZBRKZ7AWEEBGRU4PIJIITCOTS4VD5","137d38121f6575642133d5619a1d3174ea9150ad99558d3594f4548e22c94712",5,"Transaction settled in under 4 seconds, amazing performance."
"Sam Miller","sam.miller24@example.com","GAU3U6WA76HETRYYCPAHEXDJQLAS6UO4KDUVBZI5U45ZQYBNM4Q2ANBM","5c182376754b0b43232ae9b7a101509a0b10b8ecf835d85a504157256377eac8",5,"Transaction settled in under 4 seconds, amazing performance."
"Eva Garcia","eva.garcia53@example.com","GDTHF3PW4GQE6EWXDQZVUGLDFQFK7FWP5JHV6WBNYN2W4HCP7AIFLVOI","7d47f657e88ee354f78bc89aded8465b9028f971138e8c3860340e45807792f5",5,"Excellent tool for freelance groups and remote teams."
"Ivy Perez","ivy.perez93@example.com","GD4TFGNJ6ZYEEOJSZTHVMH7WSBQN7PQRWZ7ZSIXAC6OQD6X5XHBWHGL6","4945deba3a62433cbae6311775fb11f4ac95cb7f3b0de60f38f2339ddcaa27c3",4,"Transaction settled in under 4 seconds, amazing performance."
"Sam Davis","sam.davis60@example.com","GBSKVBKVH7KMDCA7BL3IHOECHHKGZMZEDSQSOQZI476NUJRGKZ7FYJBH","54265775f6c26fe4434b43b4134ca51d0dab0662808cd6f77c420f7b208f3753",5,"Great job on handling trustline errors gracefully."
"Sam Anderson","sam.anderson88@example.com","GDL2GP7RNDMQPMIEZGA23WARPQBY3CMFOGTZU5H7XSFWHOMTXCDR6EBV","ae6c052560dca84befc842e7649b4d6f9a162424a2608c2490f56b82a641644c",5,"Transaction settled in under 4 seconds, amazing performance."
"Ruby Anderson","ruby.anderson43@example.com","GCV4QBYLVCD6NJOR34ZMBFQGXNN4LQ6IOUJZAGSB3PBHMBVIGEYKCFIT","f7ee410439148fb4aabad6f61380a64bb8ae2846cae9670b00b33991759824d4",5,"Loved the zero-dust routing mechanism on testnet."
"Peter Jackson","peter.jackson85@example.com","GA5SP3XPHTSUBWAHCCUQVU64DP6YTYZHXJXKWLJTBJIUE77GRB2ZPU2B","c326a40fab8dc0d0e053702f067392e1f67ce6cdbdb8fcb9fdc1a0ec3e321d0d",5,"Transaction settled in under 4 seconds, amazing performance."
"Nathan Harris","nathan.harris30@example.com","GCVXLPV6OX3NH3CWX2OQ3K46ND5XQHDSVKNGWCD7N2ZH7GFICPWX47DQ","00f14eeb477590706b026322f9e62b56a9607a58337b99afd28d3905fbc97869",4,"Transaction settled in under 4 seconds, amazing performance."
"Mia Wilson","mia.wilson51@example.com","GCNRSMJF3PTJ3G7D3JVUHXPGCUSW36ZRWSN5WDKPI7KTNKKGPFRYNFTK","ebc566c37648301d062aad3dcb0f45eef00ce2efc7590d53ecdfda2ff7ec53de",5,"Excellent tool for freelance groups and remote teams."
"Grace Lee","grace.lee34@example.com","GDU2XTRBV7BQIGRB3CSFDH2AKQ2WXXSKSJSEJ2SPXUFKJPT7ZJND3JZG","4f0a9c9b547e198174fe30fce952f07f161dad1b0dadf55711a2491a69dbe0f1",4,"Transaction settled in under 4 seconds, amazing performance."
"Leo Davis","leo.davis58@example.com","GB6BVKFXU7F27AKNC5JLGZGBJZY5LPFSJ4F6F6NTHBISTELCGHM3NZNT","1af85781dd62fe22c6fc569c034b396cd5bff6cc9ac357100b7a16da4a21cb7a",5,"Very intuitive UI, connecting Freighter was seamless."
"Alice Thomas","alice.thomas35@example.com","GB47IWFWVFFXLORXMBLZV4PIZ6OOCAGKN7H6FZQQNZQODXZKTGO5Y4VG","7e32cfee5a20433b3e511c58b27ab010faa557a76d804f7b0e56f0de82b76b9b",5,"SplitSync is extremely fast, payouts are instant!"
"Charlie Garcia","charlie.garcia88@example.com","GBIEGZ5237HSBGX757OLMTQPROIPPYAZS6FU3XRWVGJH7AFXGHFIXP5V","5fd29deb3b16af390a7ebf52c2636c009f2132e140fbc1e4c72ed3ccfceeca44",5,"Transaction settled in under 4 seconds, amazing performance."
"David Harris","david.harris99@example.com","GBM26HASKOKSROVBQGCCAQAF5WU776NQJHILFYWFSFIAZ653OP4F77YK","1a5992303e02b4374eae1075243caa5ef677754e77b0eb928182bc47029852a3",4,"Pre-flight estimator was super helpful to preview splits."
"Henry Jones","henry.jones50@example.com","GASNVCSVWCTNOS47CB2ELKD4ENQSLZG47VNOOOEURQJAS2BQGTWAD4KQ","f267e168937a7148aa61b030e2007e8fd426ce1803fd0a44d837713291f30523",4,"Pre-flight estimator was super helpful to preview splits."
"Peter Garcia","peter.garcia60@example.com","GCIACAJOKTY5PNBR3WQ4LV5Z7WMAZP3LT64SWBTFYGAYR3N774HNSCPW","d2941e631e7186adf916f3210907fd42494cd5384a459cbf06451163716d6147",5,"Great job on handling trustline errors gracefully."
"Grace Martin","grace.martin90@example.com","GBYRPZBNTTHFOY2OCIFYOU3SGK664APGNQ6DJUNUU7A7TXUBOIUGIJXJ","0462dd46b93594883f111bda132a2757018b4ad0a673bf00f334c228fa617185",5,"Excellent tool for freelance groups and remote teams."
"Sam Moore","sam.moore8@example.com","GBUDF66COJG7HX3ZOXYLNV73JC2OFUES5ZMHPSTT5DKO6AZLGA23EVP4","7c6711ab3e6fb073562077fa64e2a0b8ca082e57eadddf0010b8d01b64dae5c7",4,"Loved the zero-dust routing mechanism on testnet."
"Henry White","henry.white98@example.com","GB43UPE356PE65U3LBNHEMI242BYG6EX2YHI63RR4FTDCYB4MFXTN244","cb97a338a9a4af05d938f260481466c80bec79f3f8def6d9a1f210d03df6638b",4,"Loved the zero-dust routing mechanism on testnet."
"Henry Smith","henry.smith19@example.com","GBN42PQUEECE25L6DL3T7I7WQPJN7WQKDXVVE7RZGZYXASLIBVK2WSVZ","5e2dbe3cfce8afe0407437a3a6b7f840ef11a7f2fc0c164aef12d1878729979f",4,"Excellent tool for freelance groups and remote teams."
"Karen Wilson","karen.wilson96@example.com","GBACEP2II6QXD4PN3L42DDIVT7V5WBRWG7R4SZJ47NRB532EYYMBELU6","3df6847e92e601b0a876cc958e5e9087eb55758a095100787f850be16b3a5ea2",5,"Transaction settled in under 4 seconds, amazing performance."
"Nathan Smith","nathan.smith68@example.com","GBWCNW6FPRCGM7NORJI2DWTLI7L3GKMD2LQR5KSIDMWF2THTYVBL2TBS","6631c841aa7af21e202d558755635fe7ef78c54328f00e6bac7852166e60bbec",4,"Loved the zero-dust routing mechanism on testnet."
"Mia Thomas","mia.thomas87@example.com","GBTKTRDYHTXNG32PX6DJQL2YCQSJQPERTZPR3HOICXBLRMJMW7CKN2A7","66b183a3f062b361293593955090da90196cfe851f43a9cc3d86ca5a50b286d7",4,"Very intuitive UI, connecting Freighter was seamless."
"Ruby Garcia","ruby.garcia1@example.com","GAKHZGCOVBNSCBVHXJIDKQRT3VFYY5W2GKSLS6FLSD23NCU7X25O5EXY","a20011f5f764bed1626eb4513c2898778d13f6f8b622d7047e96762821d307ce",4,"Simple, trustless, and highly functional. 5 stars!"
"Bob White","bob.white18@example.com","GAPW3AAYBG754RS3RA43UGNMAA4QJFPMLRC63UERUWTQ3MVRQBHM35OT","5442e4374217634d61c1fb7ccbd46cce243c29df22511b1687734308570502d3",5,"SplitSync is extremely fast, payouts are instant!"
"Henry Jackson","henry.jackson20@example.com","GDXVGXI5WYG32KBASVISGFKKVJ2DMWNDRYH5NNWMEE3ZQ2BLUM5BDN47","d5c1042b1126070276ddf33a3d96dae236ee11f28345b8b21352616e605b4f9d",5,"Loved the zero-dust routing mechanism on testnet."
"Olivia Thomas","olivia.thomas12@example.com","GDWQJT3ZHO6E3COCL3C4CQNHUNHKQV4WSG3KBKY7ABPO4JTAQEA4KHUI","9c096818bd79ec04f058df235d41ec634ebee2ccd750b44b47b7960fb4be13a3",5,"Loved the zero-dust routing mechanism on testnet."
"Ruby Miller","ruby.miller90@example.com","GDXMLSMDNNV6TBOBIEMF6AZO3OIFBKSLOYJIJ5CV5VOQWZBCF2WWW2EV","c606a4e9920d196076a66d64cc8e5ca505622785aedbf982c33a1469b4e50b59",4,"Loved the zero-dust routing mechanism on testnet."
"Jack Miller","jack.miller27@example.com","GBNQJPSUAQTBAHDFNJAVVKKVWSIT6C4AJQM6L44Z4YU4LS6O4VHZBUW4","16c65b67f1d1103036a153fbd787aba367fb20009abfadf8587400d35ca2e2b9",4,"Pre-flight estimator was super helpful to preview splits."
"Peter Wilson","peter.wilson39@example.com","GCRHN7F3I7CLLYQZP5CWYG7W5NUF5TTGGA2JTOUYZYHSSP5BJ7E22DNH","d53f3765c489b1784c808e573c75f05026ccb573ac6573a256022b835b5e9079",4,"Simple, trustless, and highly functional. 5 stars!"
"Nathan White","nathan.white70@example.com","GBVSUB5U6NTMASACO7IGLUXVC7O7CEKNW2MRZ5GVP3UI3JCPRSFPTNJM","154eccdcd3f2bda33383988938f0982660c3510bdb08349f9a6b8bd36534632c",4,"Great job on handling trustline errors gracefully."
"Jack Harris","jack.harris9@example.com","GBNCBC3I7FMRH475FMDJSNZDKD2WKNNV27P73VNOTD6YX36W2OS77EF6","86bc1ce50984073c5e8ece6f9272ff190b2223fa1b9a61b82f7ef2c6be14d278",4,"Simple, trustless, and highly functional. 5 stars!"
"Karen Martin","karen.martin72@example.com","GDYQ5JGNGJZF4MATU3U6I7DUZXEWTRHEIUZEHUC2375DQHMKN2GVBYKJ","4f87e2bb8772c901d43adc28f3d0c19c1891fadbe678ab8ed8e9c819f4dfcf0e",5,"Pre-flight estimator was super helpful to preview splits."
"Karen Anderson","karen.anderson83@example.com","GCIE63EFRYCSEOPK4SFDH6J6AER6ZFT6GRXIDJ32BYNFQ45UTQT4GUBI","7091aa1b6cacfc17585bc4ccc1acc1d1cd764a8b123fa28f523fda209b202e61",5,"Great job on handling trustline errors gracefully."
"Quinn Harris","quinn.harris83@example.com","GAD6FXAMLJD7ITSZL4TLXMJVDSSMRJ4LL6V3D7Z34OUPF2HYR37BOAKC","81376656b8a7a380dfb7cb202b220798373d55635f2b4e1e0c7c309a69c04ec3",4,"SplitSync is extremely fast, payouts are instant!"
"Quinn Jones","quinn.jones51@example.com","GAK2OMRVVIP2KUI5IVWDLLX5UHHIFTZZPG7SCNYWB7OGNS52ZZGGVVDE","37f670459abc1552fc368bd4aa56dd9432ec716b3c0ff6a14e8ecd5e4bef0065",5,"Transaction settled in under 4 seconds, amazing performance."
"Leo Jackson","leo.jackson59@example.com","GAWQMUPKBAS2OCVVENKSV5NTQKN3TGLUCB3SCZQWB6ZYD54FMAQMUXPT","ca79dd7cf4420907d6886cca85752311d2b1b1fade5b3f8458519a1ea718d836",4,"Simple, trustless, and highly functional. 5 stars!"
"Leo Miller","leo.miller84@example.com","GBERFFXYIOT2XZMY6B5YHFYNOYRONSOI3Z3LLD22IGOK4PL2BSYHP3D2","a8e92dab087c5e505f7b8b4dc17f28cf82d9bf995d911e3d7ab01b38c9b8f6ec",4,"SplitSync is extremely fast, payouts are instant!"
"David Jackson","david.jackson76@example.com","GCFJE5KAXLPJG52MYI363UDBL2TAOOD744NU3ROE2FTKKUXPOIHN44RW","346939aca00f4850006524b14e16b66803ef9e718b8a290092a262857d43faac",4,"Transaction settled in under 4 seconds, amazing performance."