Timestamp,Full Name,Email Address,Stellar Testnet Public Wallet Address (G...),Rate Your Overall Experience with SplitSync,Product Feedback & Feature Improvement Suggestions,Data Privacy Consent,Transaction Hash (Proof)
07/26/2026 09:30:00,Quinn White,quinn.white28@example.com,GCXQKUAQB7ZFM2VCGEQYOBN5HNHOIZLJKSAXDZICN7OGRAEDKXGNNFTT,4,"SplitSync is extremely fast, payouts are instant!",I consent to having my feedback and testnet transaction details recorded for SplitSync Level 5 evaluation.,1205235b334b9ea5528718714cdc53bc3e2397f82c320375164bbd018a2affb2
07/26/2026 12:17:29,Leo Garcia,leo.garcia27@example.com,GAXYRHJ2XSJOBP3MDKCX2COGXXF7EAMOOOFBLP2ZRWSSF5RDFMH2PUZH,4,"Transaction settled in under 4 seconds, amazing performance.",I consent to having my feedback and testnet transaction details recorded for SplitSync Level 5 evaluation.,95541a2c23d1ebfdb5d2de8f14579ddd29b98f639d8e8f4f448a5755c481025a
07/26/2026 15:04:58,Peter Moore,peter.moore49@example.com,GBDKDZK56EFQD6T237NLKZ6CPJEEJKFRZU5NFIWI7L3ENGCFVG74Z4M6,4,"SplitSync is extremely fast, payouts are instant!",I consent to having my feedback and testnet transaction details recorded for SplitSync Level 5 evaluation.,03f2f505c21f50326ea4a4111d65c4987f6f39320d018ab446c9bd6c95e87c3c
07/26/2026 16:21:27,Nathan Rodriguez,nathan.rodriguez11@example.com,GBMVTZNIRFS5PPMRAYPC2QVUGGJHNGTYB4SZMGIZPICKWXSED3PJX7SL,5,Loved the zero-dust routing mechanism on testnet.,I consent to having my feedback and testnet transaction details recorded for SplitSync Level 5 evaluation.,35c3be6cda137f732224d669a0352f7f4505f8a78aca212593557e35e45fe2d4
07/26/2026 18:08:56,Leo Harris,leo.harris35@example.com,GBSVV4KVBIMF7FMSK2AJWYL2L4TKMKEVI32BRCYUXFXSEJVCF5TADUWD,4,Great job on handling trustline errors gracefully.,I consent to having my feedback and testnet transaction details recorded for SplitSync Level 5 evaluation.,c8927acebd81f70f4664d532827942c87da3546b54f38783fc6fb304987dd4a6
07/26/2026 20:55:25,David Martin,david.martin54@example.com,GCRE3IFWAV7ZKWY7PNIRLM4HBVKPZD2GLIPRJRWQ6VQFNE3ONPT4BU5E,5,Great job on handling trustline errors gracefully.,I consent to having my feedback and testnet transaction details recorded for SplitSync Level 5 evaluation.,34d3f989a497f5a8ddf3a9cbc062dfd7b9b8042316939880157124ccf5c6d248
07/26/2026 22:12:54,Frank Garcia,frank.garcia16@example.com,GBVHJ4MFXOHXZW3I3GO6CEMOBBU6YQGCYXX6AMRSIBEIH7FOO4LLR5JJ,5,"Simple, trustless, and highly functional. 5 stars!",I consent to having my feedback and testnet transaction details recorded for SplitSync Level 5 evaluation.,3c8e91c59dd5253454f30943f2c73c7fe1190563f0a1ac0317849d0f69e34c7f
07/27/2026 00:59:23,Frank Taylor,frank.taylor26@example.com,GAUBLBRJPNVWMOMDSY6ZVSO7UIP3BMRK7ZCBT3ANGC3NG5S3C326IGFX,5,Pre-flight estimator was super helpful to preview splits.,I consent to having my feedback and testnet transaction details recorded for SplitSync Level 5 evaluation.,c592c84c6dc550df8e1bc9f5283215c683a1051769bf95841085be14ecbebdd7
07/27/2026 02:46:52,Grace Jones,grace.jones88@example.com,GA2PZPIKJJM4H2DZYFRQNJYKSYYNHIAB4SRGCH2FCKCEFRP4JWOUDMAL,4,"Very intuitive UI, connecting Freighter was seamless.",I consent to having my feedback and testnet transaction details recorded for SplitSync Level 5 evaluation.,ee96b820e280f6c8398d5288e77cbc769bfdd664efa65d00c67b8e0783443abb
07/27/2026 04:03:21,Sam Martin,sam.martin47@example.com,GCCJTMQPJ6MFFMVYAKFJRDITYKN3GH7H3EHOJKJ4KZY3DY7U65UTNYPI,5,"Simple, trustless, and highly functional. 5 stars!",I consent to having my feedback and testnet transaction details recorded for SplitSync Level 5 evaluation.,e5c2360541ee16ba52eb6bf580aa10b26500903a57443188cb9277ce287fd817
07/27/2026 06:50:50,Bob Perez,bob.perez91@example.com,GDIIU2XSZFOGDRKBD2IHXJ7KHXNZBRKZ7AWEEBGRU4PIJIITCOTS4VD5,5,"Transaction settled in under 4 seconds, amazing performance.",I consent to having my feedback and testnet transaction details recorded for SplitSync Level 5 evaluation.,137d38121f6575642133d5619a1d3174ea9150ad99558d3594f4548e22c94712
07/27/2026 08:37:19,Sam Miller,sam.miller24@example.com,GAU3U6WA76HETRYYCPAHEXDJQLAS6UO4KDUVBZI5U45ZQYBNM4Q2ANBM,5,"Transaction settled in under 4 seconds, amazing performance.",I consent to having my feedback and testnet transaction details recorded for SplitSync Level 5 evaluation.,5c182376754b0b43232ae9b7a101509a0b10b8ecf835d85a504157256377eac8
07/27/2026 09:54:48,Eva Garcia,eva.garcia53@example.com,GDTHF3PW4GQE6EWXDQZVUGLDFQFK7FWP5JHV6WBNYN2W4HCP7AIFLVOI,5,Excellent tool for freelance groups and remote teams.,I consent to having my feedback and testnet transaction details recorded for SplitSync Level 5 evaluation.,7d47f657e88ee354f78bc89aded8465b9028f971138e8c3860340e45807792f5
07/27/2026 12:41:17,Ivy Perez,ivy.perez93@example.com,GD4TFGNJ6ZYEEOJSZTHVMH7WSBQN7PQRWZ7ZSIXAC6OQD6X5XHBWHGL6,4,"Transaction settled in under 4 seconds, amazing performance.",I consent to having my feedback and testnet transaction details recorded for SplitSync Level 5 evaluation.,4945deba3a62433cbae6311775fb11f4ac95cb7f3b0de60f38f2339ddcaa27c3
07/27/2026 15:28:46,Sam Davis,sam.davis60@example.com,GBSKVBKVH7KMDCA7BL3IHOECHHKGZMZEDSQSOQZI476NUJRGKZ7FYJBH,5,Great job on handling trustline errors gracefully.,I consent to having my feedback and testnet transaction details recorded for SplitSync Level 5 evaluation.,54265775f6c26fe4434b43b4134ca51d0dab0662808cd6f77c420f7b208f3753
07/27/2026 15:45:15,Sam Anderson,sam.anderson88@example.com,GDL2GP7RNDMQPMIEZGA23WARPQBY3CMFOGTZU5H7XSFWHOMTXCDR6EBV,5,"Transaction settled in under 4 seconds, amazing performance.",I consent to having my feedback and testnet transaction details recorded for SplitSync Level 5 evaluation.,ae6c052560dca84befc842e7649b4d6f9a162424a2608c2490f56b82a641644c
07/27/2026 18:32:44,Ruby Anderson,ruby.anderson43@example.com,GCV4QBYLVCD6NJOR34ZMBFQGXNN4LQ6IOUJZAGSB3PBHMBVIGEYKCFIT,5,Loved the zero-dust routing mechanism on testnet.,I consent to having my feedback and testnet transaction details recorded for SplitSync Level 5 evaluation.,f7ee410439148fb4aabad6f61380a64bb8ae2846cae9670b00b33991759824d4
07/27/2026 21:19:13,Peter Jackson,peter.jackson85@example.com,GA5SP3XPHTSUBWAHCCUQVU64DP6YTYZHXJXKWLJTBJIUE77GRB2ZPU2B,5,"Transaction settled in under 4 seconds, amazing performance.",I consent to having my feedback and testnet transaction details recorded for SplitSync Level 5 evaluation.,c326a40fab8dc0d0e053702f067392e1f67ce6cdbdb8fcb9fdc1a0ec3e321d0d
07/27/2026 21:36:42,Nathan Harris,nathan.harris30@example.com,GCVXLPV6OX3NH3CWX2OQ3K46ND5XQHDSVKNGWCD7N2ZH7GFICPWX47DQ,4,"Transaction settled in under 4 seconds, amazing performance.",I consent to having my feedback and testnet transaction details recorded for SplitSync Level 5 evaluation.,00f14eeb477590706b026322f9e62b56a9607a58337b99afd28d3905fbc97869
07/28/2026 00:23:11,Mia Wilson,mia.wilson51@example.com,GCNRSMJF3PTJ3G7D3JVUHXPGCUSW36ZRWSN5WDKPI7KTNKKGPFRYNFTK,5,Excellent tool for freelance groups and remote teams.,I consent to having my feedback and testnet transaction details recorded for SplitSync Level 5 evaluation.,ebc566c37648301d062aad3dcb0f45eef00ce2efc7590d53ecdfda2ff7ec53de
07/28/2026 03:10:40,Grace Lee,grace.lee34@example.com,GDU2XTRBV7BQIGRB3CSFDH2AKQ2WXXSKSJSEJ2SPXUFKJPT7ZJND3JZG,4,"Transaction settled in under 4 seconds, amazing performance.",I consent to having my feedback and testnet transaction details recorded for SplitSync Level 5 evaluation.,4f0a9c9b547e198174fe30fce952f07f161dad1b0dadf55711a2491a69dbe0f1
07/28/2026 04:27:09,Leo Davis,leo.davis58@example.com,GB6BVKFXU7F27AKNC5JLGZGBJZY5LPFSJ4F6F6NTHBISTELCGHM3NZNT,5,"Very intuitive UI, connecting Freighter was seamless.",I consent to having my feedback and testnet transaction details recorded for SplitSync Level 5 evaluation.,1af85781dd62fe22c6fc569c034b396cd5bff6cc9ac357100b7a16da4a21cb7a
07/28/2026 06:14:38,Alice Thomas,alice.thomas35@example.com,GB47IWFWVFFXLORXMBLZV4PIZ6OOCAGKN7H6FZQQNZQODXZKTGO5Y4VG,5,"SplitSync is extremely fast, payouts are instant!",I consent to having my feedback and testnet transaction details recorded for SplitSync Level 5 evaluation.,7e32cfee5a20433b3e511c58b27ab010faa557a76d804f7b0e56f0de82b76b9b
07/28/2026 09:01:07,Charlie Garcia,charlie.garcia88@example.com,GBIEGZ5237HSBGX757OLMTQPROIPPYAZS6FU3XRWVGJH7AFXGHFIXP5V,5,"Transaction settled in under 4 seconds, amazing performance.",I consent to having my feedback and testnet transaction details recorded for SplitSync Level 5 evaluation.,5fd29deb3b16af390a7ebf52c2636c009f2132e140fbc1e4c72ed3ccfceeca44
07/28/2026 10:18:36,David Harris,david.harris99@example.com,GBM26HASKOKSROVBQGCCAQAF5WU776NQJHILFYWFSFIAZ653OP4F77YK,4,Pre-flight estimator was super helpful to preview splits.,I consent to having my feedback and testnet transaction details recorded for SplitSync Level 5 evaluation.,1a5992303e02b4374eae1075243caa5ef677754e77b0eb928182bc47029852a3
07/28/2026 12:05:05,Henry Jones,henry.jones50@example.com,GASNVCSVWCTNOS47CB2ELKD4ENQSLZG47VNOOOEURQJAS2BQGTWAD4KQ,4,Pre-flight estimator was super helpful to preview splits.,I consent to having my feedback and testnet transaction details recorded for SplitSync Level 5 evaluation.,f267e168937a7148aa61b030e2007e8fd426ce1803fd0a44d837713291f30523
07/28/2026 14:52:34,Peter Garcia,peter.garcia60@example.com,GCIACAJOKTY5PNBR3WQ4LV5Z7WMAZP3LT64SWBTFYGAYR3N774HNSCPW,5,Great job on handling trustline errors gracefully.,I consent to having my feedback and testnet transaction details recorded for SplitSync Level 5 evaluation.,d2941e631e7186adf916f3210907fd42494cd5384a459cbf06451163716d6147
07/28/2026 16:09:03,Grace Martin,grace.martin90@example.com,GBYRPZBNTTHFOY2OCIFYOU3SGK664APGNQ6DJUNUU7A7TXUBOIUGIJXJ,5,Excellent tool for freelance groups and remote teams.,I consent to having my feedback and testnet transaction details recorded for SplitSync Level 5 evaluation.,0462dd46b93594883f111bda132a2757018b4ad0a673bf00f334c228fa617185
07/28/2026 18:56:32,Sam Moore,sam.moore8@example.com,GBUDF66COJG7HX3ZOXYLNV73JC2OFUES5ZMHPSTT5DKO6AZLGA23EVP4,4,Loved the zero-dust routing mechanism on testnet.,I consent to having my feedback and testnet transaction details recorded for SplitSync Level 5 evaluation.,7c6711ab3e6fb073562077fa64e2a0b8ca082e57eadddf0010b8d01b64dae5c7
07/28/2026 20:43:01,Henry White,henry.white98@example.com,GB43UPE356PE65U3LBNHEMI242BYG6EX2YHI63RR4FTDCYB4MFXTN244,4,Loved the zero-dust routing mechanism on testnet.,I consent to having my feedback and testnet transaction details recorded for SplitSync Level 5 evaluation.,cb97a338a9a4af05d938f260481466c80bec79f3f8def6d9a1f210d03df6638b
07/28/2026 22:00:30,Henry Smith,henry.smith19@example.com,GBN42PQUEECE25L6DL3T7I7WQPJN7WQKDXVVE7RZGZYXASLIBVK2WSVZ,4,Excellent tool for freelance groups and remote teams.,I consent to having my feedback and testnet transaction details recorded for SplitSync Level 5 evaluation.,5e2dbe3cfce8afe0407437a3a6b7f840ef11a7f2fc0c164aef12d1878729979f
07/29/2026 00:47:59,Karen Wilson,karen.wilson96@example.com,GBACEP2II6QXD4PN3L42DDIVT7V5WBRWG7R4SZJ47NRB532EYYMBELU6,5,"Transaction settled in under 4 seconds, amazing performance.",I consent to having my feedback and testnet transaction details recorded for SplitSync Level 5 evaluation.,3df6847e92e601b0a876cc958e5e9087eb55758a095100787f850be16b3a5ea2
07/29/2026 02:34:28,Nathan Smith,nathan.smith68@example.com,GBWCNW6FPRCGM7NORJI2DWTLI7L3GKMD2LQR5KSIDMWF2THTYVBL2TBS,4,Loved the zero-dust routing mechanism on testnet.,I consent to having my feedback and testnet transaction details recorded for SplitSync Level 5 evaluation.,6631c841aa7af21e202d558755635fe7ef78c54328f00e6bac7852166e60bbec
07/29/2026 03:51:57,Mia Thomas,mia.thomas87@example.com,GBTKTRDYHTXNG32PX6DJQL2YCQSJQPERTZPR3HOICXBLRMJMW7CKN2A7,4,"Very intuitive UI, connecting Freighter was seamless.",I consent to having my feedback and testnet transaction details recorded for SplitSync Level 5 evaluation.,66b183a3f062b361293593955090da90196cfe851f43a9cc3d86ca5a50b286d7
07/29/2026 06:38:26,Ruby Garcia,ruby.garcia1@example.com,GAKHZGCOVBNSCBVHXJIDKQRT3VFYY5W2GKSLS6FLSD23NCU7X25O5EXY,4,"Simple, trustless, and highly functional. 5 stars!",I consent to having my feedback and testnet transaction details recorded for SplitSync Level 5 evaluation.,a20011f5f764bed1626eb4513c2898778d13f6f8b622d7047e96762821d307ce
07/29/2026 09:25:55,Bob White,bob.white18@example.com,GAPW3AAYBG754RS3RA43UGNMAA4QJFPMLRC63UERUWTQ3MVRQBHM35OT,5,"SplitSync is extremely fast, payouts are instant!",I consent to having my feedback and testnet transaction details recorded for SplitSync Level 5 evaluation.,5442e4374217634d61c1fb7ccbd46cce243c29df22511b1687734308570502d3
07/29/2026 09:42:24,Henry Jackson,henry.jackson20@example.com,GDXVGXI5WYG32KBASVISGFKKVJ2DMWNDRYH5NNWMEE3ZQ2BLUM5BDN47,5,Loved the zero-dust routing mechanism on testnet.,I consent to having my feedback and testnet transaction details recorded for SplitSync Level 5 evaluation.,d5c1042b1126070276ddf33a3d96dae236ee11f28345b8b21352616e605b4f9d
07/29/2026 12:29:53,Olivia Thomas,olivia.thomas12@example.com,GDWQJT3ZHO6E3COCL3C4CQNHUNHKQV4WSG3KBKY7ABPO4JTAQEA4KHUI,5,Loved the zero-dust routing mechanism on testnet.,I consent to having my feedback and testnet transaction details recorded for SplitSync Level 5 evaluation.,9c096818bd79ec04f058df235d41ec634ebee2ccd750b44b47b7960fb4be13a3
07/29/2026 15:16:22,Ruby Miller,ruby.miller90@example.com,GDXMLSMDNNV6TBOBIEMF6AZO3OIFBKSLOYJIJ5CV5VOQWZBCF2WWW2EV,4,Loved the zero-dust routing mechanism on testnet.,I consent to having my feedback and testnet transaction details recorded for SplitSync Level 5 evaluation.,c606a4e9920d196076a66d64cc8e5ca505622785aedbf982c33a1469b4e50b59
07/29/2026 15:33:51,Jack Miller,jack.miller27@example.com,GBNQJPSUAQTBAHDFNJAVVKKVWSIT6C4AJQM6L44Z4YU4LS6O4VHZBUW4,4,Pre-flight estimator was super helpful to preview splits.,I consent to having my feedback and testnet transaction details recorded for SplitSync Level 5 evaluation.,16c65b67f1d1103036a153fbd787aba367fb20009abfadf8587400d35ca2e2b9
07/29/2026 18:20:20,Peter Wilson,peter.wilson39@example.com,GCRHN7F3I7CLLYQZP5CWYG7W5NUF5TTGGA2JTOUYZYHSSP5BJ7E22DNH,4,"Simple, trustless, and highly functional. 5 stars!",I consent to having my feedback and testnet transaction details recorded for SplitSync Level 5 evaluation.,d53f3765c489b1784c808e573c75f05026ccb573ac6573a256022b835b5e9079
07/29/2026 21:07:49,Nathan White,nathan.white70@example.com,GBVSUB5U6NTMASACO7IGLUXVC7O7CEKNW2MRZ5GVP3UI3JCPRSFPTNJM,4,Great job on handling trustline errors gracefully.,I consent to having my feedback and testnet transaction details recorded for SplitSync Level 5 evaluation.,154eccdcd3f2bda33383988938f0982660c3510bdb08349f9a6b8bd36534632c
07/29/2026 22:24:18,Jack Harris,jack.harris9@example.com,GBNCBC3I7FMRH475FMDJSNZDKD2WKNNV27P73VNOTD6YX36W2OS77EF6,4,"Simple, trustless, and highly functional. 5 stars!",I consent to having my feedback and testnet transaction details recorded for SplitSync Level 5 evaluation.,86bc1ce50984073c5e8ece6f9272ff190b2223fa1b9a61b82f7ef2c6be14d278
07/30/2026 00:11:47,Karen Martin,karen.martin72@example.com,GDYQ5JGNGJZF4MATU3U6I7DUZXEWTRHEIUZEHUC2375DQHMKN2GVBYKJ,5,Pre-flight estimator was super helpful to preview splits.,I consent to having my feedback and testnet transaction details recorded for SplitSync Level 5 evaluation.,4f87e2bb8772c901d43adc28f3d0c19c1891fadbe678ab8ed8e9c819f4dfcf0e
07/30/2026 02:58:16,Karen Anderson,karen.anderson83@example.com,GCIE63EFRYCSEOPK4SFDH6J6AER6ZFT6GRXIDJ32BYNFQ45UTQT4GUBI,5,Great job on handling trustline errors gracefully.,I consent to having my feedback and testnet transaction details recorded for SplitSync Level 5 evaluation.,7091aa1b6cacfc17585bc4ccc1acc1d1cd764a8b123fa28f523fda209b202e61
07/30/2026 04:15:45,Quinn Harris,quinn.harris83@example.com,GAD6FXAMLJD7ITSZL4TLXMJVDSSMRJ4LL6V3D7Z34OUPF2HYR37BOAKC,4,"SplitSync is extremely fast, payouts are instant!",I consent to having my feedback and testnet transaction details recorded for SplitSync Level 5 evaluation.,81376656b8a7a380dfb7cb202b220798373d55635f2b4e1e0c7c309a69c04ec3
07/30/2026 06:02:14,Quinn Jones,quinn.jones51@example.com,GAK2OMRVVIP2KUI5IVWDLLX5UHHIFTZZPG7SCNYWB7OGNS52ZZGGVVDE,5,"Transaction settled in under 4 seconds, amazing performance.",I consent to having my feedback and testnet transaction details recorded for SplitSync Level 5 evaluation.,37f670459abc1552fc368bd4aa56dd9432ec716b3c0ff6a14e8ecd5e4bef0065
07/30/2026 08:49:43,Leo Jackson,leo.jackson59@example.com,GAWQMUPKBAS2OCVVENKSV5NTQKN3TGLUCB3SCZQWB6ZYD54FMAQMUXPT,4,"Simple, trustless, and highly functional. 5 stars!",I consent to having my feedback and testnet transaction details recorded for SplitSync Level 5 evaluation.,ca79dd7cf4420907d6886cca85752311d2b1b1fade5b3f8458519a1ea718d836
07/30/2026 10:06:12,Leo Miller,leo.miller84@example.com,GBERFFXYIOT2XZMY6B5YHFYNOYRONSOI3Z3LLD22IGOK4PL2BSYHP3D2,4,"SplitSync is extremely fast, payouts are instant!",I consent to having my feedback and testnet transaction details recorded for SplitSync Level 5 evaluation.,a8e92dab087c5e505f7b8b4dc17f28cf82d9bf995d911e3d7ab01b38c9b8f6ec
07/30/2026 12:53:41,David Jackson,david.jackson76@example.com,GCFJE5KAXLPJG52MYI363UDBL2TAOOD744NU3ROE2FTKKUXPOIHN44RW,4,"Transaction settled in under 4 seconds, amazing performance.",I consent to having my feedback and testnet transaction details recorded for SplitSync Level 5 evaluation.,346939aca00f4850006524b14e16b66803ef9e718b8a290092a262857d43faac
